[
  {
    "keyword": "fidget toy",
    "trend": {
      "region": "UK",
      "source": "google_trends",
      "momentum_score": 82.0,
      "evidence": [
        "desk fidget",
        "clicky fidget",
        "stress toy"
      ]
    },
    "model": {
      "title": "Print-in-Place Clicky Fidget Slider",
      "makerworld_url": "https://makerworld.com/en/models/123456-print-in-place-clicky-fidget-slider",
      "creator": "ExampleMaker",
      "license": "CC BY 4.0",
      "tags": [
        "fidget",
        "print-in-place",
        "slider",
        "desk"
      ],
      "stats": {
        "likes": 340,
        "downloads": 5200,
        "makes": 110
      },
      "description": "A small clicky slider designed for quick prints.",
      "model_id": "123456",
      "published_at": "2025-12-20T00:00:00+00:00"
    },
    "classification": {
      "type": "fidget",
      "confidence": 0.92
    },
    "print_estimate": {
      "max_dimension_mm": 65,
      "grams_est": 14.2,
      "time_minutes_est": 50,
      "supports_likely": false
    },
    "scores": {
      "total": 86.4,
      "trend": 82.0,
      "relevance": 90.0,
      "popularity": 78.0,
      "freshness": 60.0,
      "printability": 88.0,
      "blind_box_fit": 92.0
    },
    "verdict": "DO",
    "notes": [
      "trend_breakout_signal:82/100",
      "trend_related_queries:desk fidget; clicky fidget; stress toy",
      "model_popularity:likes=340,downloads=5200,makes=110",
      "print_estimate:50min,14.2g",
      "printability:likely_supportless",
      "filament_cost_est:~£0.28 (assumes £20/kg PLA)",
      "license_check:cc_by_allows_commercial (CC BY 4.0)",
      "estimates_uncertainty:+/-30% (layer=0.2mm,infill=15%,2walls,PLA)"
    ],
    "manual_review_required": false,
    "rejected_reasons": [],
    "uncertainty": "±30% time/material estimate when slicer data unavailable"
  },
  {
    "keyword": "cute animal",
    "trend": {
      "region": "UK",
      "source": "google_trends",
      "momentum_score": 64.0,
      "evidence": [
        "mini animals",
        "desk buddy",
        "tiny figurine"
      ]
    },
    "model": {
      "title": "Mini Desk Buddy — Cute Cat",
      "makerworld_url": "https://makerworld.com/en/models/234567-mini-desk-buddy-cute-cat",
      "creator": "CatPrintsUK",
      "license": "CC0",
      "tags": [
        "cat",
        "cute",
        "figurine",
        "desk buddy"
      ],
      "stats": {
        "likes": 120,
        "downloads": 1900,
        "makes": 45
      },
      "description": "A small, sturdy cat figurine with minimal overhangs.",
      "model_id": "234567",
      "published_at": "2025-11-10T00:00:00+00:00"
    },
    "classification": {
      "type": "figurine",
      "confidence": 0.74
    },
    "print_estimate": {
      "max_dimension_mm": 55,
      "grams_est": 9.8,
      "time_minutes_est": 40,
      "supports_likely": false
    },
    "scores": {
      "total": 77.2,
      "trend": 64.0,
      "relevance": 72.0,
      "popularity": 68.0,
      "freshness": 40.0,
      "printability": 90.0,
      "blind_box_fit": 85.0
    },
    "verdict": "MAYBE",
    "notes": [
      "trend_rising:64/100",
      "trend_related_queries:mini animals; desk buddy; tiny figurine",
      "model_popularity:likes=120,downloads=1900,makes=45",
      "print_estimate:40min,9.8g",
      "printability:likely_supportless",
      "filament_cost_est:~£0.20 (assumes £20/kg PLA)",
      "license_check:cc0_allows_commercial (CC0)",
      "estimates_uncertainty:+/-30% (layer=0.2mm,infill=15%,2walls,PLA)"
    ],
    "manual_review_required": false,
    "rejected_reasons": [],
    "uncertainty": "±30% time/material estimate when slicer data unavailable"
  }
]